{
    "$schema": "https://schema.management.azure.com/schemas/2015-01-01/deploymentTemplate.json#",
    "contentVersion": "1.0.0.0",
    "parameters": {
        "connections_litware_scus_prod01_vnetg_litware_onprem_prod01_location": {
            "defaultValue": null,
            "type": "SecureString"
        },
        "connections_litware_scus_prod01_vnetg_litware_onprem_prod01_location_1": {
            "defaultValue": null,
            "type": "SecureString"
        },
        "virtualMachines_lwpscusdc01_name": {
            "defaultValue": "lwpscusdc01",
            "type": "String"
        },
        "virtualMachines_lwpscusdc02_name": {
            "defaultValue": "lwpscusdc02",
            "type": "String"
        },
        "virtualMachines_lwpscusasr01_name": {
            "defaultValue": "lwpscusasr01",
            "type": "String"
        },
        "metricAlerts_lw_scus_osQDalert_name": {
            "defaultValue": "lw-scus-osQDalert",
            "type": "String"
        },
        "metricAlerts_lw_scus_osQDalert2_name": {
            "defaultValue": "lw-scus-osQDalert2",
            "type": "String"
        },
        "networkInterfaces_lwpscusdc01723_name": {
            "defaultValue": "lwpscusdc01723",
            "type": "String"
        },
        "networkInterfaces_lwpscusdc02519_name": {
            "defaultValue": "lwpscusdc02519",
            "type": "String"
        },
        "publicIPAddresses_lwpscusdc01_ip_name": {
            "defaultValue": "lwpscusdc01-ip",
            "type": "String"
        },
        "publicIPAddresses_lwpscusdc02_ip_name": {
            "defaultValue": "lwpscusdc02-ip",
            "type": "String"
        },
        "networkInterfaces_lwpscusasr01_nic_name": {
            "defaultValue": "lwpscusasr01-nic",
            "type": "String"
        },
        "publicIPAddresses_lwpscusasr01_pip_name": {
            "defaultValue": "lwpscusasr01-pip",
            "type": "String"
        },
        "publicIPAddresses_lwpscusdc02ip560_name": {
            "defaultValue": "lwpscusdc02ip560",
            "type": "String"
        },
        "vaults_llitware_scus_prod_rv_name": {
            "defaultValue": "llitware-scus-prod-rv",
            "type": "String"
        },
        "networkSecurityGroups_lwpscusasr01_nsg_name": {
            "defaultValue": "lwpscusasr01-nsg",
            "type": "String"
        },
        "virtualNetworks_litware_scus_prod01_vnet_name": {
            "defaultValue": "litware-scus-prod01-vnet",
            "type": "String"
        },
        "availabilitySets_litware_scus2_prod_dc_as_name": {
            "defaultValue": "litware-scus2-prod-dc-as",
            "type": "String"
        },
        "publicIPAddresses_litware_scus_prod01_vnetg_name": {
            "defaultValue": "litware-scus-prod01-vnetg",
            "type": "String"
        },
        "virtualNetworkGateways_litware_scus_prod01_vnetg_name": {
            "defaultValue": "litware-scus-prod01-vnetg",
            "type": "String"
        },
        "extensions_IaaSAntimalware_name": {
            "defaultValue": "IaaSAntimalware",
            "type": "String"
        },
        "extensions_IaaSAntimalware_name_1": {
            "defaultValue": "IaaSAntimalware",
            "type": "String"
        },
        "extensions_IaaSAntimalware_name_2": {
            "defaultValue": "IaaSAntimalware",
            "type": "String"
        },
        "connections_litware_scus_prod01_vnetg_litware_onprem_prod01_name": {
            "defaultValue": "litware-scus-prod01-vnetg-litware-onprem-prod01",
            "type": "String"
        },
        "subnets_dmz_subnet_name": {
            "defaultValue": "dmz-subnet",
            "type": "String"
        },
        "disks_lwpscusasr01_OsDisk_1_4c85bf5cf6ad4164b90318b6f2aca301_name": {
            "defaultValue": "lwpscusasr01_OsDisk_1_4c85bf5cf6ad4164b90318b6f2aca301",
            "type": "String"
        },
        "subnets_adds_subnet_name": {
            "defaultValue": "adds-subnet",
            "type": "String"
        },
        "subnets_GatewaySubnet_name": {
            "defaultValue": "GatewaySubnet",
            "type": "String"
        },
        "subnets_backend_subnet_name": {
            "defaultValue": "backend-subnet",
            "type": "String"
        },
        "subnets_jumpbox_subnet_name": {
            "defaultValue": "jumpbox-subnet",
            "type": "String"
        },
        "backupPolicies_DefaultPolicy_name": {
            "defaultValue": "DefaultPolicy",
            "type": "String"
        },
        "backupPolicies_HourlyLogBackup_name": {
            "defaultValue": "HourlyLogBackup",
            "type": "String"
        },
        "backupPolicies_litware_scus_mwf_bp_name": {
            "defaultValue": "litware-scus-mwf-bp",
            "type": "String"
        },
        "replicationAlertSettings_defaultAlertSetting_name": {
            "defaultValue": "defaultAlertSetting",
            "type": "String"
        },
        "virtualMachines_lwpscusasr01_id": {
            "defaultValue": "/subscriptions/e76d4c9a-247a-4cca-9c96-3435a983fc63/resourceGroups/litware-scus-rg/providers/Microsoft.Compute/disks/lwpscusasr01_OsDisk_1_7254178757ae485aa35230863ba86203",
            "type": "String"
        },
        "virtualMachines_lwpscusdc01_id": {
            "defaultValue": "/subscriptions/e76d4c9a-247a-4cca-9c96-3435a983fc63/resourceGroups/litware-scus-rg/providers/Microsoft.Compute/disks/lwpscusdc01_OsDisk_1_8e5e728b8cb9496a984b95fb7ebe33e3",
            "type": "String"
        },
        "virtualMachines_lwpscusdc02_id": {
            "defaultValue": "/subscriptions/e76d4c9a-247a-4cca-9c96-3435a983fc63/resourceGroups/litware-scus-rg/providers/Microsoft.Compute/disks/lwpscusdc02_OsDisk_1_750c0c3e5c33424e98600e5ec20468db",
            "type": "String"
        },
        "metricAlerts_lw_scus_osQDalert_actionGroupId": {
            "defaultValue": "/subscriptions/e76d4c9a-247a-4cca-9c96-3435a983fc63/resourcegroups/defaultresourcegroup-eus/providers/microsoft.insights/actiongroups/lw-alertgroup",
            "type": "String"
        },
        "metricAlerts_lw_scus_osQDalert2_actionGroupId": {
            "defaultValue": "/subscriptions/e76d4c9a-247a-4cca-9c96-3435a983fc63/resourcegroups/defaultresourcegroup-eus/providers/microsoft.insights/actiongroups/lw-alertgroup",
            "type": "String"
        }
    },
    "variables": {},
    "resources": [
        {
            "comments": "Generalized from resource: '/subscriptions/e76d4c9a-247a-4cca-9c96-3435a983fc63/resourceGroups/litware-scus-rg/providers/Microsoft.Compute/availabilitySets/litware-scus2-prod-dc-as'.",
            "type": "Microsoft.Compute/availabilitySets",
            "sku": {
                "name": "Aligned"
            },
            "name": "[parameters('availabilitySets_litware_scus2_prod_dc_as_name')]",
            "apiVersion": "2017-12-01",
            "location": "southcentralus",
            "tags": {},
            "scale": null,
            "properties": {
                "platformUpdateDomainCount": 5,
                "platformFaultDomainCount": 2,
                "virtualMachines": [
                    {
                        "id": "[resourceId('Microsoft.Compute/virtualMachines', parameters('virtualMachines_lwpscusdc01_name'))]"
                    },
                    {
                        "id": "[resourceId('Microsoft.Compute/virtualMachines', parameters('virtualMachines_lwpscusdc02_name'))]"
                    }
                ]
            },
            "dependsOn": [
                "[resourceId('Microsoft.Compute/virtualMachines', parameters('virtualMachines_lwpscusdc01_name'))]",
                "[resourceId('Microsoft.Compute/virtualMachines', parameters('virtualMachines_lwpscusdc02_name'))]"
            ]
        },
        {
            "comments": "Generalized from resource: '/subscriptions/e76d4c9a-247a-4cca-9c96-3435a983fc63/resourceGroups/litware-scus-rg/providers/Microsoft.Compute/disks/lwpscusasr01_OsDisk_1_4c85bf5cf6ad4164b90318b6f2aca301'.",
            "type": "Microsoft.Compute/disks",
            "sku": {
                "name": "Premium_LRS",
                "tier": "Premium"
            },
            "name": "[parameters('disks_lwpscusasr01_OsDisk_1_4c85bf5cf6ad4164b90318b6f2aca301_name')]",
            "apiVersion": "2018-04-01",
            "location": "southcentralus",
            "tags": {},
            "scale": null,
            "properties": {
                "osType": "Windows",
                "creationData": {
                    "createOption": "FromImage",
                    "imageReference": {
                        "id": "/Subscriptions/e76d4c9a-247a-4cca-9c96-3435a983fc63/Providers/Microsoft.Compute/Locations/southcentralus/Publishers/MicrosoftWindowsServer/ArtifactTypes/VMImage/Offers/WindowsServer/Skus/2016-Datacenter/Versions/2016.127.20180912"
                    }
                },
                "diskSizeGB": 127
            },
            "dependsOn": []
        },
        {
            "comments": "Generalized from resource: '/subscriptions/e76d4c9a-247a-4cca-9c96-3435a983fc63/resourceGroups/litware-scus-rg/providers/Microsoft.Compute/virtualMachines/lwpscusasr01'.",
            "type": "Microsoft.Compute/virtualMachines",
            "name": "[parameters('virtualMachines_lwpscusasr01_name')]",
            "apiVersion": "2017-12-01",
            "location": "southcentralus",
            "tags": {},
            "scale": null,
            "properties": {
                "hardwareProfile": {
                    "vmSize": "Standard_DS1_v2"
                },
                "storageProfile": {
                    "imageReference": {
                        "publisher": "MicrosoftWindowsServer",
                        "offer": "WindowsServer",
                        "sku": "2012-R2-Datacenter",
                        "version": "latest"
                    },
                    "osDisk": {
                        "osType": "Windows",
                        "name": "[concat(parameters('virtualMachines_lwpscusasr01_name'),'_OsDisk_1_7254178757ae485aa35230863ba86203')]",
                        "createOption": "FromImage",
                        "caching": "ReadWrite",
                        "managedDisk": {
                            "storageAccountType": "Premium_LRS",
                            "id": "[parameters('virtualMachines_lwpscusasr01_id')]"
                        },
                        "diskSizeGB": 127
                    },
                    "dataDisks": []
                },
                "osProfile": {
                    "computerName": "[parameters('virtualMachines_lwpscusasr01_name')]",
                    "adminUsername": "litwareAdmin",
                    "windowsConfiguration": {
                        "provisionVMAgent": true,
                        "enableAutomaticUpdates": true
                    },
                    "secrets": []
                },
                "networkProfile": {
                    "networkInterfaces": [
                        {
                            "id": "[resourceId('Microsoft.Network/networkInterfaces', parameters('networkInterfaces_lwpscusasr01_nic_name'))]"
                        }
                    ]
                }
            },
            "dependsOn": [
                "[resourceId('Microsoft.Network/networkInterfaces', parameters('networkInterfaces_lwpscusasr01_nic_name'))]"
            ]
        },
        {
            "comments": "Generalized from resource: '/subscriptions/e76d4c9a-247a-4cca-9c96-3435a983fc63/resourceGroups/litware-scus-rg/providers/Microsoft.Compute/virtualMachines/lwpscusdc01'.",
            "type": "Microsoft.Compute/virtualMachines",
            "name": "[parameters('virtualMachines_lwpscusdc01_name')]",
            "apiVersion": "2017-12-01",
            "location": "southcentralus",
            "tags": {},
            "scale": null,
            "properties": {
                "availabilitySet": {
                    "id": "[resourceId('Microsoft.Compute/availabilitySets', parameters('availabilitySets_litware_scus2_prod_dc_as_name'))]"
                },
                "hardwareProfile": {
                    "vmSize": "Standard_DS2_v2"
                },
                "storageProfile": {
                    "imageReference": {
                        "publisher": "MicrosoftWindowsServer",
                        "offer": "WindowsServer",
                        "sku": "2016-Datacenter",
                        "version": "latest"
                    },
                    "osDisk": {
                        "osType": "Windows",
                        "name": "[concat(parameters('virtualMachines_lwpscusdc01_name'),'_OsDisk_1_8e5e728b8cb9496a984b95fb7ebe33e3')]",
                        "createOption": "FromImage",
                        "caching": "ReadWrite",
                        "managedDisk": {
                            "storageAccountType": "Premium_LRS",
                            "id": "[parameters('virtualMachines_lwpscusdc01_id')]"
                        },
                        "diskSizeGB": 127
                    },
                    "dataDisks": []
                },
                "osProfile": {
                    "computerName": "[parameters('virtualMachines_lwpscusdc01_name')]",
                    "adminUsername": "litwareAdmin",
                    "windowsConfiguration": {
                        "provisionVMAgent": true,
                        "enableAutomaticUpdates": true
                    },
                    "secrets": []
                },
                "networkProfile": {
                    "networkInterfaces": [
                        {
                            "id": "[resourceId('Microsoft.Network/networkInterfaces', parameters('networkInterfaces_lwpscusdc01723_name'))]"
                        }
                    ]
                }
            },
            "dependsOn": [
                "[resourceId('Microsoft.Compute/availabilitySets', parameters('availabilitySets_litware_scus2_prod_dc_as_name'))]",
                "[resourceId('Microsoft.Network/networkInterfaces', parameters('networkInterfaces_lwpscusdc01723_name'))]"
            ]
        },
        {
            "comments": "Generalized from resource: '/subscriptions/e76d4c9a-247a-4cca-9c96-3435a983fc63/resourceGroups/litware-scus-rg/providers/Microsoft.Compute/virtualMachines/lwpscusdc02'.",
            "type": "Microsoft.Compute/virtualMachines",
            "name": "[parameters('virtualMachines_lwpscusdc02_name')]",
            "apiVersion": "2017-12-01",
            "location": "southcentralus",
            "tags": {},
            "scale": null,
            "properties": {
                "availabilitySet": {
                    "id": "[resourceId('Microsoft.Compute/availabilitySets', parameters('availabilitySets_litware_scus2_prod_dc_as_name'))]"
                },
                "hardwareProfile": {
                    "vmSize": "Standard_DS2_v2"
                },
                "storageProfile": {
                    "imageReference": {
                        "publisher": "MicrosoftWindowsServer",
                        "offer": "WindowsServer",
                        "sku": "2016-Datacenter",
                        "version": "latest"
                    },
                    "osDisk": {
                        "osType": "Windows",
                        "name": "[concat(parameters('virtualMachines_lwpscusdc02_name'),'_OsDisk_1_750c0c3e5c33424e98600e5ec20468db')]",
                        "createOption": "FromImage",
                        "caching": "ReadWrite",
                        "managedDisk": {
                            "storageAccountType": "Premium_LRS",
                            "id": "[parameters('virtualMachines_lwpscusdc02_id')]"
                        },
                        "diskSizeGB": 127
                    },
                    "dataDisks": []
                },
                "osProfile": {
                    "computerName": "[parameters('virtualMachines_lwpscusdc02_name')]",
                    "adminUsername": "litwareAdmin",
                    "windowsConfiguration": {
                        "provisionVMAgent": true,
                        "enableAutomaticUpdates": true
                    },
                    "secrets": []
                },
                "networkProfile": {
                    "networkInterfaces": [
                        {
                            "id": "[resourceId('Microsoft.Network/networkInterfaces', parameters('networkInterfaces_lwpscusdc02519_name'))]"
                        }
                    ]
                }
            },
            "dependsOn": [
                "[resourceId('Microsoft.Compute/availabilitySets', parameters('availabilitySets_litware_scus2_prod_dc_as_name'))]",
                "[resourceId('Microsoft.Network/networkInterfaces', parameters('networkInterfaces_lwpscusdc02519_name'))]"
            ]
        },
        {
            "comments": "Generalized from resource: '/subscriptions/e76d4c9a-247a-4cca-9c96-3435a983fc63/resourceGroups/litware-scus-rg/providers/microsoft.insights/metricAlerts/lw-scus-osQDalert'.",
            "type": "microsoft.insights/metricAlerts",
            "name": "[parameters('metricAlerts_lw_scus_osQDalert_name')]",
            "apiVersion": "2018-03-01",
            "location": "global",
            "tags": {},
            "scale": null,
            "properties": {
                "description": "o\tWhen the OS Disk QD of any Domain Controller is greater than an average of 5 over a 5-minute interval",
                "severity": 3,
                "enabled": true,
                "scopes": [
                    "/subscriptions/e76d4c9a-247a-4cca-9c96-3435a983fc63/resourceGroups/litware-scus-rg/providers/Microsoft.Compute/virtualMachines/lwpscusdc01"
                ],
                "evaluationFrequency": "PT5M",
                "windowSize": "PT5M",
                "criteria": {
                    "odata.type": "Microsoft.Azure.Monitor.SingleResourceMultipleMetricCriteria"
                },
                "actions": [
                    {
                        "actionGroupId": "[parameters('metricAlerts_lw_scus_osQDalert_actionGroupId')]",
                        "webHookProperties": {}
                    }
                ]
            },
            "dependsOn": []
        },
        {
            "comments": "Generalized from resource: '/subscriptions/e76d4c9a-247a-4cca-9c96-3435a983fc63/resourceGroups/litware-scus-rg/providers/microsoft.insights/metricAlerts/lw-scus-osQDalert2'.",
            "type": "microsoft.insights/metricAlerts",
            "name": "[parameters('metricAlerts_lw_scus_osQDalert2_name')]",
            "apiVersion": "2018-03-01",
            "location": "global",
            "tags": {},
            "scale": null,
            "properties": {
                "description": "When the OS Disk QD of any Domain Controller is greater than an average of 5 over a 5-minute interval",
                "severity": 3,
                "enabled": true,
                "scopes": [
                    "/subscriptions/e76d4c9a-247a-4cca-9c96-3435a983fc63/resourceGroups/litware-scus-rg/providers/Microsoft.Compute/virtualMachines/lwpscusdc02"
                ],
                "evaluationFrequency": "PT5M",
                "windowSize": "PT5M",
                "criteria": {
                    "odata.type": "Microsoft.Azure.Monitor.SingleResourceMultipleMetricCriteria"
                },
                "actions": [
                    {
                        "actionGroupId": "[parameters('metricAlerts_lw_scus_osQDalert2_actionGroupId')]",
                        "webHookProperties": {}
                    }
                ]
            },
            "dependsOn": []
        },
        {
            "comments": "Generalized from resource: '/subscriptions/e76d4c9a-247a-4cca-9c96-3435a983fc63/resourceGroups/litware-scus-rg/providers/Microsoft.Network/connections/litware-scus-prod01-vnetg-litware-onprem-prod01'.",
            "type": "Microsoft.Network/connections",
            "name": "[parameters('connections_litware_scus_prod01_vnetg_litware_onprem_prod01_name')]",
            "apiVersion": "2018-02-01",
            "location": "southcentralus",
            "scale": null,
            "properties": {
                "resourceGuid": "13fdc30b-3bf1-4e9e-8553-e7b56bdbaef5",
                "virtualNetworkGateway1": {
                    "location": "[parameters('connections_litware_scus_prod01_vnetg_litware_onprem_prod01_location')]",
                    "properties": {}
                },
                "localNetworkGateway2": {
                    "location": "[parameters('connections_litware_scus_prod01_vnetg_litware_onprem_prod01_location_1')]",
                    "properties": {}
                },
                "connectionType": "IPsec",
                "routingWeight": 0,
                "enableBgp": false,
                "usePolicyBasedTrafficSelectors": false,
                "ipsecPolicies": []
            },
            "dependsOn": []
        },
        {
            "comments": "Generalized from resource: '/subscriptions/e76d4c9a-247a-4cca-9c96-3435a983fc63/resourceGroups/litware-scus-rg/providers/Microsoft.Network/networkInterfaces/lwpscusasr01-nic'.",
            "type": "Microsoft.Network/networkInterfaces",
            "name": "[parameters('networkInterfaces_lwpscusasr01_nic_name')]",
            "apiVersion": "2018-02-01",
            "location": "southcentralus",
            "tags": {},
            "scale": null,
            "properties": {
                "provisioningState": "Succeeded",
                "resourceGuid": "e36b1439-e95c-4178-ba64-3e70b79029de",
                "ipConfigurations": [
                    {
                        "name": "ipconfig1",
                        "etag": "W/\"78fc8c56-4345-4956-a6dd-15126b5a56e2\"",
                        "properties": {
                            "provisioningState": "Succeeded",
                            "privateIPAddress": "10.2.2.132",
                            "privateIPAllocationMethod": "Dynamic",
                            "publicIPAddress": {
                                "id": "[resourceId('Microsoft.Network/publicIPAddresses', parameters('publicIPAddresses_lwpscusasr01_pip_name'))]"
                            },
                            "subnet": {
                                "id": "[resourceId('Microsoft.Network/virtualNetworks/subnets', parameters('virtualNetworks_litware_scus_prod01_vnet_name'), parameters('subnets_jumpbox_subnet_name'))]"
                            },
                            "primary": true,
                            "privateIPAddressVersion": "IPv4"
                        }
                    }
                ],
                "dnsSettings": {
                    "dnsServers": [],
                    "appliedDnsServers": [],
                    "internalDomainNameSuffix": "qve3dv5f1pou3oppma3ogrphue.jx.internal.cloudapp.net"
                },
                "macAddress": "00-0D-3A-71-15-3D",
                "enableAcceleratedNetworking": false,
                "enableIPForwarding": false,
                "networkSecurityGroup": {
                    "id": "[resourceId('Microsoft.Network/networkSecurityGroups', parameters('networkSecurityGroups_lwpscusasr01_nsg_name'))]"
                },
                "primary": true
            },
            "dependsOn": [
                "[resourceId('Microsoft.Network/publicIPAddresses', parameters('publicIPAddresses_lwpscusasr01_pip_name'))]",
                "[resourceId('Microsoft.Network/virtualNetworks/subnets', parameters('virtualNetworks_litware_scus_prod01_vnet_name'), parameters('subnets_jumpbox_subnet_name'))]",
                "[resourceId('Microsoft.Network/networkSecurityGroups', parameters('networkSecurityGroups_lwpscusasr01_nsg_name'))]"
            ]
        },
        {
            "comments": "Generalized from resource: '/subscriptions/e76d4c9a-247a-4cca-9c96-3435a983fc63/resourceGroups/litware-scus-rg/providers/Microsoft.Network/networkInterfaces/lwpscusdc01723'.",
            "type": "Microsoft.Network/networkInterfaces",
            "name": "[parameters('networkInterfaces_lwpscusdc01723_name')]",
            "apiVersion": "2018-02-01",
            "location": "southcentralus",
            "tags": {},
            "scale": null,
            "properties": {
                "provisioningState": "Succeeded",
                "resourceGuid": "43edb302-fc5a-48a7-b28a-250c4f3280e2",
                "ipConfigurations": [
                    {
                        "name": "ipconfig1",
                        "etag": "W/\"773a052f-c612-495e-a633-9fda65b4fc92\"",
                        "properties": {
                            "provisioningState": "Succeeded",
                            "privateIPAddress": "10.2.2.68",
                            "privateIPAllocationMethod": "Dynamic",
                            "subnet": {
                                "id": "[resourceId('Microsoft.Network/virtualNetworks/subnets', parameters('virtualNetworks_litware_scus_prod01_vnet_name'), parameters('subnets_adds_subnet_name'))]"
                            },
                            "primary": true,
                            "privateIPAddressVersion": "IPv4"
                        }
                    }
                ],
                "dnsSettings": {
                    "dnsServers": [],
                    "appliedDnsServers": [],
                    "internalDomainNameSuffix": "qve3dv5f1pou3oppma3ogrphue.jx.internal.cloudapp.net"
                },
                "macAddress": "00-0D-3A-5D-E4-71",
                "enableAcceleratedNetworking": true,
                "enableIPForwarding": false,
                "primary": true
            },
            "dependsOn": [
                "[resourceId('Microsoft.Network/virtualNetworks/subnets', parameters('virtualNetworks_litware_scus_prod01_vnet_name'), parameters('subnets_adds_subnet_name'))]"
            ]
        },
        {
            "comments": "Generalized from resource: '/subscriptions/e76d4c9a-247a-4cca-9c96-3435a983fc63/resourceGroups/litware-scus-rg/providers/Microsoft.Network/networkInterfaces/lwpscusdc02519'.",
            "type": "Microsoft.Network/networkInterfaces",
            "name": "[parameters('networkInterfaces_lwpscusdc02519_name')]",
            "apiVersion": "2018-02-01",
            "location": "southcentralus",
            "tags": {},
            "scale": null,
            "properties": {
                "provisioningState": "Succeeded",
                "resourceGuid": "a3691527-e3d4-4708-99ff-c429a0904d3c",
                "ipConfigurations": [
                    {
                        "name": "ipconfig1",
                        "etag": "W/\"a8f7309f-961e-4b8a-be47-4967900287c8\"",
                        "properties": {
                            "provisioningState": "Succeeded",
                            "privateIPAddress": "10.2.2.69",
                            "privateIPAllocationMethod": "Dynamic",
                            "subnet": {
                                "id": "[resourceId('Microsoft.Network/virtualNetworks/subnets', parameters('virtualNetworks_litware_scus_prod01_vnet_name'), parameters('subnets_adds_subnet_name'))]"
                            },
                            "primary": true,
                            "privateIPAddressVersion": "IPv4"
                        }
                    }
                ],
                "dnsSettings": {
                    "dnsServers": [],
                    "appliedDnsServers": [],
                    "internalDomainNameSuffix": "qve3dv5f1pou3oppma3ogrphue.jx.internal.cloudapp.net"
                },
                "macAddress": "00-0D-3A-5D-EA-96",
                "enableAcceleratedNetworking": true,
                "enableIPForwarding": false,
                "primary": true
            },
            "dependsOn": [
                "[resourceId('Microsoft.Network/virtualNetworks/subnets', parameters('virtualNetworks_litware_scus_prod01_vnet_name'), parameters('subnets_adds_subnet_name'))]"
            ]
        },
        {
            "comments": "Generalized from resource: '/subscriptions/e76d4c9a-247a-4cca-9c96-3435a983fc63/resourceGroups/litware-scus-rg/providers/Microsoft.Network/networkSecurityGroups/lwpscusasr01-nsg'.",
            "type": "Microsoft.Network/networkSecurityGroups",
            "name": "[parameters('networkSecurityGroups_lwpscusasr01_nsg_name')]",
            "apiVersion": "2018-02-01",
            "location": "southcentralus",
            "tags": {},
            "scale": null,
            "properties": {
                "provisioningState": "Succeeded",
                "resourceGuid": "d026d367-af70-4b06-bb48-8dc03cf41bff",
                "securityRules": [],
                "defaultSecurityRules": [
                    {
                        "name": "AllowVnetInBound",
                        "etag": "W/\"5584aa94-8691-4f3a-8f3e-7ce84aeca08d\"",
                        "properties": {
                            "provisioningState": "Succeeded",
                            "description": "Allow inbound traffic from all VMs in VNET",
                            "protocol": "*",
                            "sourcePortRange": "*",
                            "destinationPortRange": "*",
                            "sourceAddressPrefix": "VirtualNetwork",
                            "destinationAddressPrefix": "VirtualNetwork",
                            "access": "Allow",
                            "priority": 65000,
                            "direction": "Inbound",
                            "sourcePortRanges": [],
                            "destinationPortRanges": [],
                            "sourceAddressPrefixes": [],
                            "destinationAddressPrefixes": []
                        }
                    },
                    {
                        "name": "AllowAzureLoadBalancerInBound",
                        "etag": "W/\"5584aa94-8691-4f3a-8f3e-7ce84aeca08d\"",
                        "properties": {
                            "provisioningState": "Succeeded",
                            "description": "Allow inbound traffic from azure load balancer",
                            "protocol": "*",
                            "sourcePortRange": "*",
                            "destinationPortRange": "*",
                            "sourceAddressPrefix": "AzureLoadBalancer",
                            "destinationAddressPrefix": "*",
                            "access": "Allow",
                            "priority": 65001,
                            "direction": "Inbound",
                            "sourcePortRanges": [],
                            "destinationPortRanges": [],
                            "sourceAddressPrefixes": [],
                            "destinationAddressPrefixes": []
                        }
                    },
                    {
                        "name": "DenyAllInBound",
                        "etag": "W/\"5584aa94-8691-4f3a-8f3e-7ce84aeca08d\"",
                        "properties": {
                            "provisioningState": "Succeeded",
                            "description": "Deny all inbound traffic",
                            "protocol": "*",
                            "sourcePortRange": "*",
                            "destinationPortRange": "*",
                            "sourceAddressPrefix": "*",
                            "destinationAddressPrefix": "*",
                            "access": "Deny",
                            "priority": 65500,
                            "direction": "Inbound",
                            "sourcePortRanges": [],
                            "destinationPortRanges": [],
                            "sourceAddressPrefixes": [],
                            "destinationAddressPrefixes": []
                        }
                    },
                    {
                        "name": "AllowVnetOutBound",
                        "etag": "W/\"5584aa94-8691-4f3a-8f3e-7ce84aeca08d\"",
                        "properties": {
                            "provisioningState": "Succeeded",
                            "description": "Allow outbound traffic from all VMs to all VMs in VNET",
                            "protocol": "*",
                            "sourcePortRange": "*",
                            "destinationPortRange": "*",
                            "sourceAddressPrefix": "VirtualNetwork",
                            "destinationAddressPrefix": "VirtualNetwork",
                            "access": "Allow",
                            "priority": 65000,
                            "direction": "Outbound",
                            "sourcePortRanges": [],
                            "destinationPortRanges": [],
                            "sourceAddressPrefixes": [],
                            "destinationAddressPrefixes": []
                        }
                    },
                    {
                        "name": "AllowInternetOutBound",
                        "etag": "W/\"5584aa94-8691-4f3a-8f3e-7ce84aeca08d\"",
                        "properties": {
                            "provisioningState": "Succeeded",
                            "description": "Allow outbound traffic from all VMs to Internet",
                            "protocol": "*",
                            "sourcePortRange": "*",
                            "destinationPortRange": "*",
                            "sourceAddressPrefix": "*",
                            "destinationAddressPrefix": "Internet",
                            "access": "Allow",
                            "priority": 65001,
                            "direction": "Outbound",
                            "sourcePortRanges": [],
                            "destinationPortRanges": [],
                            "sourceAddressPrefixes": [],
                            "destinationAddressPrefixes": []
                        }
                    },
                    {
                        "name": "DenyAllOutBound",
                        "etag": "W/\"5584aa94-8691-4f3a-8f3e-7ce84aeca08d\"",
                        "properties": {
                            "provisioningState": "Succeeded",
                            "description": "Deny all outbound traffic",
                            "protocol": "*",
                            "sourcePortRange": "*",
                            "destinationPortRange": "*",
                            "sourceAddressPrefix": "*",
                            "destinationAddressPrefix": "*",
                            "access": "Deny",
                            "priority": 65500,
                            "direction": "Outbound",
                            "sourcePortRanges": [],
                            "destinationPortRanges": [],
                            "sourceAddressPrefixes": [],
                            "destinationAddressPrefixes": []
                        }
                    }
                ]
            },
            "dependsOn": []
        },
        {
            "comments": "Generalized from resource: '/subscriptions/e76d4c9a-247a-4cca-9c96-3435a983fc63/resourceGroups/litware-scus-rg/providers/Microsoft.Network/publicIPAddresses/litware-scus-prod01-vnetg'.",
            "type": "Microsoft.Network/publicIPAddresses",
            "sku": {
                "name": "Basic",
                "tier": "Regional"
            },
            "name": "[parameters('publicIPAddresses_litware_scus_prod01_vnetg_name')]",
            "apiVersion": "2018-02-01",
            "location": "southcentralus",
            "scale": null,
            "properties": {
                "provisioningState": "Succeeded",
                "resourceGuid": "960422ec-df77-47bf-ad21-f8f4741430d0",
                "ipAddress": "70.37.61.171",
                "publicIPAddressVersion": "IPv4",
                "publicIPAllocationMethod": "Dynamic",
                "idleTimeoutInMinutes": 4,
                "ipTags": []
            },
            "dependsOn": []
        },
        {
            "comments": "Generalized from resource: '/subscriptions/e76d4c9a-247a-4cca-9c96-3435a983fc63/resourceGroups/litware-scus-rg/providers/Microsoft.Network/publicIPAddresses/lwpscusasr01-pip'.",
            "type": "Microsoft.Network/publicIPAddresses",
            "sku": {
                "name": "Basic",
                "tier": "Regional"
            },
            "name": "[parameters('publicIPAddresses_lwpscusasr01_pip_name')]",
            "apiVersion": "2018-02-01",
            "location": "southcentralus",
            "tags": {},
            "scale": null,
            "properties": {
                "provisioningState": "Succeeded",
                "resourceGuid": "bf87af54-fb3a-44f7-b964-278de418bca9",
                "ipAddress": "104.215.121.237",
                "publicIPAddressVersion": "IPv4",
                "publicIPAllocationMethod": "Dynamic",
                "idleTimeoutInMinutes": 4,
                "ipTags": []
            },
            "dependsOn": []
        },
        {
            "comments": "Generalized from resource: '/subscriptions/e76d4c9a-247a-4cca-9c96-3435a983fc63/resourceGroups/litware-scus-rg/providers/Microsoft.Network/publicIPAddresses/lwpscusdc01-ip'.",
            "type": "Microsoft.Network/publicIPAddresses",
            "sku": {
                "name": "Basic",
                "tier": "Regional"
            },
            "name": "[parameters('publicIPAddresses_lwpscusdc01_ip_name')]",
            "apiVersion": "2018-02-01",
            "location": "southcentralus",
            "tags": {},
            "scale": null,
            "properties": {
                "provisioningState": "Succeeded",
                "resourceGuid": "e578af66-3853-442d-8248-5f54194d5d0d",
                "publicIPAddressVersion": "IPv4",
                "publicIPAllocationMethod": "Dynamic",
                "idleTimeoutInMinutes": 4,
                "ipTags": []
            },
            "dependsOn": []
        },
        {
            "comments": "Generalized from resource: '/subscriptions/e76d4c9a-247a-4cca-9c96-3435a983fc63/resourceGroups/litware-scus-rg/providers/Microsoft.Network/publicIPAddresses/lwpscusdc02-ip'.",
            "type": "Microsoft.Network/publicIPAddresses",
            "sku": {
                "name": "Basic",
                "tier": "Regional"
            },
            "name": "[parameters('publicIPAddresses_lwpscusdc02_ip_name')]",
            "apiVersion": "2018-02-01",
            "location": "southcentralus",
            "tags": {},
            "scale": null,
            "properties": {
                "provisioningState": "Succeeded",
                "resourceGuid": "e82c7b98-577f-4d08-aa4c-8d3e6f352062",
                "publicIPAddressVersion": "IPv4",
                "publicIPAllocationMethod": "Dynamic",
                "idleTimeoutInMinutes": 4,
                "ipTags": []
            },
            "dependsOn": []
        },
        {
            "comments": "Generalized from resource: '/subscriptions/e76d4c9a-247a-4cca-9c96-3435a983fc63/resourceGroups/litware-scus-rg/providers/Microsoft.Network/publicIPAddresses/lwpscusdc02ip560'.",
            "type": "Microsoft.Network/publicIPAddresses",
            "sku": {
                "name": "Basic",
                "tier": "Regional"
            },
            "name": "[parameters('publicIPAddresses_lwpscusdc02ip560_name')]",
            "apiVersion": "2018-02-01",
            "location": "southcentralus",
            "tags": {},
            "scale": null,
            "properties": {
                "provisioningState": "Succeeded",
                "resourceGuid": "badaf426-279b-42ab-82e2-1635f6376eab",
                "publicIPAddressVersion": "IPv4",
                "publicIPAllocationMethod": "Dynamic",
                "idleTimeoutInMinutes": 4,
                "ipTags": []
            },
            "dependsOn": []
        },
        {
            "comments": "Generalized from resource: '/subscriptions/e76d4c9a-247a-4cca-9c96-3435a983fc63/resourceGroups/litware-scus-rg/providers/Microsoft.Network/virtualNetworkGateways/litware-scus-prod01-vnetg'.",
            "type": "Microsoft.Network/virtualNetworkGateways",
            "name": "[parameters('virtualNetworkGateways_litware_scus_prod01_vnetg_name')]",
            "apiVersion": "2018-02-01",
            "location": "southcentralus",
            "scale": null,
            "properties": {
                "resourceGuid": "2a45b05e-7d36-4690-9c38-880ccdd1b705",
                "ipConfigurations": [
                    {
                        "name": "default",
                        "etag": "W/\"d2c2df49-6728-424d-b28d-1a74d63b62dd\"",
                        "properties": {
                            "privateIPAllocationMethod": "Dynamic",
                            "publicIPAddress": {
                                "id": "[resourceId('Microsoft.Network/publicIPAddresses', parameters('publicIPAddresses_litware_scus_prod01_vnetg_name'))]"
                            },
                            "subnet": {
                                "id": "[resourceId('Microsoft.Network/virtualNetworks/subnets', parameters('virtualNetworks_litware_scus_prod01_vnet_name'), parameters('subnets_GatewaySubnet_name'))]"
                            }
                        }
                    }
                ],
                "sku": {
                    "name": "VpnGw1",
                    "tier": "VpnGw1",
                    "capacity": 2
                },
                "gatewayType": "Vpn",
                "vpnType": "RouteBased",
                "enableBgp": false,
                "activeActive": false,
                "vpnClientConfiguration": {
                    "vpnClientProtocols": [
                        "SSTP",
                        "IkeV2"
                    ],
                    "vpnClientRootCertificates": [],
                    "vpnClientRevokedCertificates": [],
                    "vpnClientIpsecPolicies": []
                },
                "bgpSettings": {
                    "asn": 65515,
                    "bgpPeeringAddress": "10.2.2.14",
                    "peerWeight": 0
                }
            },
            "dependsOn": [
                "[resourceId('Microsoft.Network/publicIPAddresses', parameters('publicIPAddresses_litware_scus_prod01_vnetg_name'))]",
                "[resourceId('Microsoft.Network/virtualNetworks/subnets', parameters('virtualNetworks_litware_scus_prod01_vnet_name'), parameters('subnets_GatewaySubnet_name'))]"
            ]
        },
        {
            "comments": "Generalized from resource: '/subscriptions/e76d4c9a-247a-4cca-9c96-3435a983fc63/resourceGroups/litware-scus-rg/providers/Microsoft.Network/virtualNetworks/litware-scus-prod01-vnet'.",
            "type": "Microsoft.Network/virtualNetworks",
            "name": "[parameters('virtualNetworks_litware_scus_prod01_vnet_name')]",
            "apiVersion": "2018-02-01",
            "location": "southcentralus",
            "scale": null,
            "properties": {
                "provisioningState": "Succeeded",
                "resourceGuid": "d7d14985-dbe5-4edd-b9ef-603ae345e7a4",
                "addressSpace": {
                    "addressPrefixes": [
                        "10.2.2.0/24"
                    ]
                },
                "dhcpOptions": {
                    "dnsServers": [
                        "10.1.0.10"
                    ]
                },
                "subnets": [
                    {
                        "name": "adds-subnet",
                        "etag": "W/\"2a2257ad-406e-4fb4-a303-7290af59ef7d\"",
                        "properties": {
                            "provisioningState": "Succeeded",
                            "addressPrefix": "10.2.2.64/27",
                            "serviceEndpoints": []
                        }
                    },
                    {
                        "name": "dmz-subnet",
                        "etag": "W/\"2a2257ad-406e-4fb4-a303-7290af59ef7d\"",
                        "properties": {
                            "provisioningState": "Succeeded",
                            "addressPrefix": "10.2.2.32/27",
                            "serviceEndpoints": []
                        }
                    },
                    {
                        "name": "backend-subnet",
                        "etag": "W/\"2a2257ad-406e-4fb4-a303-7290af59ef7d\"",
                        "properties": {
                            "provisioningState": "Succeeded",
                            "addressPrefix": "10.2.2.96/27",
                            "serviceEndpoints": []
                        }
                    },
                    {
                        "name": "jumpbox-subnet",
                        "etag": "W/\"2a2257ad-406e-4fb4-a303-7290af59ef7d\"",
                        "properties": {
                            "provisioningState": "Succeeded",
                            "addressPrefix": "10.2.2.128/27",
                            "serviceEndpoints": []
                        }
                    },
                    {
                        "name": "GatewaySubnet",
                        "etag": "W/\"2a2257ad-406e-4fb4-a303-7290af59ef7d\"",
                        "properties": {
                            "provisioningState": "Succeeded",
                            "addressPrefix": "10.2.2.0/28",
                            "serviceEndpoints": []
                        }
                    }
                ],
                "virtualNetworkPeerings": [],
                "enableDdosProtection": false,
                "enableVmProtection": false
            },
            "dependsOn": []
        },
        {
            "comments": "Generalized from resource: '/subscriptions/e76d4c9a-247a-4cca-9c96-3435a983fc63/resourceGroups/litware-scus-rg/providers/Microsoft.RecoveryServices/vaults/llitware-scus-prod-rv'.",
            "type": "Microsoft.RecoveryServices/vaults",
            "sku": {
                "name": "RS0",
                "tier": "Standard"
            },
            "name": "[parameters('vaults_llitware_scus_prod_rv_name')]",
            "apiVersion": "2018-01-10",
            "location": "southcentralus",
            "scale": null,
            "properties": {},
            "dependsOn": []
        },
        {
            "comments": "Generalized from resource: '/subscriptions/e76d4c9a-247a-4cca-9c96-3435a983fc63/resourceGroups/litware-scus-rg/providers/Microsoft.Compute/virtualMachines/lwpscusasr01/extensions/IaaSAntimalware'.",
            "type": "Microsoft.Compute/virtualMachines/extensions",
            "name": "[concat(parameters('virtualMachines_lwpscusasr01_name'), '/', parameters('extensions_IaaSAntimalware_name_2'))]",
            "apiVersion": "2017-12-01",
            "location": "southcentralus",
            "scale": null,
            "properties": {
                "autoUpgradeMinorVersion": true,
                "settings": {
                    "AntimalwareEnabled": "true",
                    "Exclusions": {
                        "Paths": "",
                        "Extensions": "",
                        "Processes": ""
                    },
                    "RealtimeProtectionEnabled": "true",
                    "ScheduledScanSettings": {
                        "isEnabled": "false",
                        "scanType": "Full",
                        "day": "7",
                        "time": "120"
                    }
                },
                "publisher": "Microsoft.Azure.Security",
                "type": "[parameters('extensions_IaaSAntimalware_name_2')]",
                "typeHandlerVersion": "1.1"
            },
            "dependsOn": [
                "[resourceId('Microsoft.Compute/virtualMachines', parameters('virtualMachines_lwpscusasr01_name'))]"
            ]
        },
        {
            "comments": "Generalized from resource: '/subscriptions/e76d4c9a-247a-4cca-9c96-3435a983fc63/resourceGroups/litware-scus-rg/providers/Microsoft.Compute/virtualMachines/lwpscusdc01/extensions/IaaSAntimalware'.",
            "type": "Microsoft.Compute/virtualMachines/extensions",
            "name": "[concat(parameters('virtualMachines_lwpscusdc01_name'), '/', parameters('extensions_IaaSAntimalware_name'))]",
            "apiVersion": "2017-12-01",
            "location": "southcentralus",
            "scale": null,
            "properties": {
                "autoUpgradeMinorVersion": true,
                "settings": {
                    "AntimalwareEnabled": "true",
                    "Exclusions": {
                        "Paths": "",
                        "Extensions": "",
                        "Processes": ""
                    },
                    "RealtimeProtectionEnabled": "true",
                    "ScheduledScanSettings": {
                        "isEnabled": "false",
                        "scanType": "Full",
                        "day": "7",
                        "time": "120"
                    }
                },
                "publisher": "Microsoft.Azure.Security",
                "type": "[parameters('extensions_IaaSAntimalware_name')]",
                "typeHandlerVersion": "1.1"
            },
            "dependsOn": [
                "[resourceId('Microsoft.Compute/virtualMachines', parameters('virtualMachines_lwpscusdc01_name'))]"
            ]
        },
        {
            "comments": "Generalized from resource: '/subscriptions/e76d4c9a-247a-4cca-9c96-3435a983fc63/resourceGroups/litware-scus-rg/providers/Microsoft.Compute/virtualMachines/lwpscusdc02/extensions/IaaSAntimalware'.",
            "type": "Microsoft.Compute/virtualMachines/extensions",
            "name": "[concat(parameters('virtualMachines_lwpscusdc02_name'), '/', parameters('extensions_IaaSAntimalware_name_1'))]",
            "apiVersion": "2017-12-01",
            "location": "southcentralus",
            "scale": null,
            "properties": {
                "autoUpgradeMinorVersion": true,
                "settings": {
                    "AntimalwareEnabled": "true",
                    "Exclusions": {
                        "Paths": "",
                        "Extensions": "",
                        "Processes": ""
                    },
                    "RealtimeProtectionEnabled": "true",
                    "ScheduledScanSettings": {
                        "isEnabled": "false",
                        "scanType": "Full",
                        "day": "7",
                        "time": "120"
                    }
                },
                "publisher": "Microsoft.Azure.Security",
                "type": "[parameters('extensions_IaaSAntimalware_name_1')]",
                "typeHandlerVersion": "1.1"
            },
            "dependsOn": [
                "[resourceId('Microsoft.Compute/virtualMachines', parameters('virtualMachines_lwpscusdc02_name'))]"
            ]
        },
        {
            "comments": "Generalized from resource: '/subscriptions/e76d4c9a-247a-4cca-9c96-3435a983fc63/resourceGroups/litware-scus-rg/providers/Microsoft.Network/virtualNetworks/litware-scus-prod01-vnet/subnets/adds-subnet'.",
            "type": "Microsoft.Network/virtualNetworks/subnets",
            "name": "[concat(parameters('virtualNetworks_litware_scus_prod01_vnet_name'), '/', parameters('subnets_adds_subnet_name'))]",
            "apiVersion": "2018-02-01",
            "scale": null,
            "properties": {
                "provisioningState": "Succeeded",
                "addressPrefix": "10.2.2.64/27",
                "serviceEndpoints": []
            },
            "dependsOn": [
                "[resourceId('Microsoft.Network/virtualNetworks', parameters('virtualNetworks_litware_scus_prod01_vnet_name'))]"
            ]
        },
        {
            "comments": "Generalized from resource: '/subscriptions/e76d4c9a-247a-4cca-9c96-3435a983fc63/resourceGroups/litware-scus-rg/providers/Microsoft.Network/virtualNetworks/litware-scus-prod01-vnet/subnets/dmz-subnet'.",
            "type": "Microsoft.Network/virtualNetworks/subnets",
            "name": "[concat(parameters('virtualNetworks_litware_scus_prod01_vnet_name'), '/', parameters('subnets_dmz_subnet_name'))]",
            "apiVersion": "2018-02-01",
            "scale": null,
            "properties": {
                "provisioningState": "Succeeded",
                "addressPrefix": "10.2.2.32/27",
                "serviceEndpoints": []
            },
            "dependsOn": [
                "[resourceId('Microsoft.Network/virtualNetworks', parameters('virtualNetworks_litware_scus_prod01_vnet_name'))]"
            ]
        },
        {
            "comments": "Generalized from resource: '/subscriptions/e76d4c9a-247a-4cca-9c96-3435a983fc63/resourceGroups/litware-scus-rg/providers/Microsoft.Network/virtualNetworks/litware-scus-prod01-vnet/subnets/backend-subnet'.",
            "type": "Microsoft.Network/virtualNetworks/subnets",
            "name": "[concat(parameters('virtualNetworks_litware_scus_prod01_vnet_name'), '/', parameters('subnets_backend_subnet_name'))]",
            "apiVersion": "2018-02-01",
            "scale": null,
            "properties": {
                "provisioningState": "Succeeded",
                "addressPrefix": "10.2.2.96/27",
                "serviceEndpoints": []
            },
            "dependsOn": [
                "[resourceId('Microsoft.Network/virtualNetworks', parameters('virtualNetworks_litware_scus_prod01_vnet_name'))]"
            ]
        },
        {
            "comments": "Generalized from resource: '/subscriptions/e76d4c9a-247a-4cca-9c96-3435a983fc63/resourceGroups/litware-scus-rg/providers/Microsoft.Network/virtualNetworks/litware-scus-prod01-vnet/subnets/jumpbox-subnet'.",
            "type": "Microsoft.Network/virtualNetworks/subnets",
            "name": "[concat(parameters('virtualNetworks_litware_scus_prod01_vnet_name'), '/', parameters('subnets_jumpbox_subnet_name'))]",
            "apiVersion": "2018-02-01",
            "scale": null,
            "properties": {
                "provisioningState": "Succeeded",
                "addressPrefix": "10.2.2.128/27",
                "serviceEndpoints": []
            },
            "dependsOn": [
                "[resourceId('Microsoft.Network/virtualNetworks', parameters('virtualNetworks_litware_scus_prod01_vnet_name'))]"
            ]
        },
        {
            "comments": "Generalized from resource: '/subscriptions/e76d4c9a-247a-4cca-9c96-3435a983fc63/resourceGroups/litware-scus-rg/providers/Microsoft.Network/virtualNetworks/litware-scus-prod01-vnet/subnets/GatewaySubnet'.",
            "type": "Microsoft.Network/virtualNetworks/subnets",
            "name": "[concat(parameters('virtualNetworks_litware_scus_prod01_vnet_name'), '/', parameters('subnets_GatewaySubnet_name'))]",
            "apiVersion": "2018-02-01",
            "scale": null,
            "properties": {
                "provisioningState": "Succeeded",
                "addressPrefix": "10.2.2.0/28",
                "serviceEndpoints": []
            },
            "dependsOn": [
                "[resourceId('Microsoft.Network/virtualNetworks', parameters('virtualNetworks_litware_scus_prod01_vnet_name'))]"
            ]
        },
        {
            "comments": "Generalized from resource: '/subscriptions/e76d4c9a-247a-4cca-9c96-3435a983fc63/resourcegroups/litware-scus-rg/providers/Microsoft.RecoveryServices/vaults/llitware-scus-prod-rv/backupPolicies/HourlyLogBackup'.",
            "type": "Microsoft.RecoveryServices/vaults/backupPolicies",
            "name": "[concat(parameters('vaults_llitware_scus_prod_rv_name'), '/', parameters('backupPolicies_HourlyLogBackup_name'))]",
            "apiVersion": "2016-12-01",
            "scale": null,
            "properties": {
                "backupManagementType": "AzureWorkload",
                "protectedItemsCount": 0
            },
            "dependsOn": [
                "[resourceId('Microsoft.RecoveryServices/vaults', parameters('vaults_llitware_scus_prod_rv_name'))]"
            ]
        },
        {
            "comments": "Generalized from resource: '/subscriptions/e76d4c9a-247a-4cca-9c96-3435a983fc63/resourcegroups/litware-scus-rg/providers/Microsoft.RecoveryServices/vaults/llitware-scus-prod-rv/backupPolicies/DefaultPolicy'.",
            "type": "Microsoft.RecoveryServices/vaults/backupPolicies",
            "name": "[concat(parameters('vaults_llitware_scus_prod_rv_name'), '/', parameters('backupPolicies_DefaultPolicy_name'))]",
            "apiVersion": "2016-12-01",
            "scale": null,
            "properties": {
                "backupManagementType": "AzureIaasVM",
                "protectedItemsCount": 0
            },
            "dependsOn": [
                "[resourceId('Microsoft.RecoveryServices/vaults', parameters('vaults_llitware_scus_prod_rv_name'))]"
            ]
        },
        {
            "comments": "Generalized from resource: '/subscriptions/e76d4c9a-247a-4cca-9c96-3435a983fc63/resourcegroups/litware-scus-rg/providers/Microsoft.RecoveryServices/vaults/llitware-scus-prod-rv/backupPolicies/litware-scus-mwf-bp'.",
            "type": "Microsoft.RecoveryServices/vaults/backupPolicies",
            "name": "[concat(parameters('vaults_llitware_scus_prod_rv_name'), '/', parameters('backupPolicies_litware_scus_mwf_bp_name'))]",
            "apiVersion": "2016-12-01",
            "scale": null,
            "properties": {
                "backupManagementType": "AzureIaasVM",
                "protectedItemsCount": 0
            },
            "dependsOn": [
                "[resourceId('Microsoft.RecoveryServices/vaults', parameters('vaults_llitware_scus_prod_rv_name'))]"
            ]
        },
        {
            "comments": "Generalized from resource: '/Subscriptions/e76d4c9a-247a-4cca-9c96-3435a983fc63/resourceGroups/litware-scus-rg/providers/Microsoft.RecoveryServices/vaults/llitware-scus-prod-rv/replicationAlertSettings/defaultAlertSetting'.",
            "type": "Microsoft.RecoveryServices/vaults/replicationAlertSettings",
            "name": "[concat(parameters('vaults_llitware_scus_prod_rv_name'), '/', parameters('replicationAlertSettings_defaultAlertSetting_name'))]",
            "apiVersion": "2018-01-10",
            "scale": null,
            "properties": {
                "sendToOwners": "DoNotSend",
                "customEmailAddresses": [],
                "locale": ""
            },
            "dependsOn": [
                "[resourceId('Microsoft.RecoveryServices/vaults', parameters('vaults_llitware_scus_prod_rv_name'))]"
            ]
        }
    ]
}