{
    "$schema": "https://schema.management.azure.com/schemas/2015-01-01/deploymentParameters.json#",
    "contentVersion": "1.0.0.0",
    "parameters": {
        "connections_litware_scus_prod01_vnetg_litware_onprem_prod01_location": {
            "value": null
        },
        "connections_litware_scus_prod01_vnetg_litware_onprem_prod01_location_1": {
            "value": null
        },
        "virtualMachines_lwpscusdc01_name": {
            "value": null
        },
        "virtualMachines_lwpscusdc02_name": {
            "value": null
        },
        "virtualMachines_lwpscusasr01_name": {
            "value": null
        },
        "metricAlerts_lw_scus_osQDalert_name": {
            "value": null
        },
        "metricAlerts_lw_scus_osQDalert2_name": {
            "value": null
        },
        "networkInterfaces_lwpscusdc01723_name": {
            "value": null
        },
        "networkInterfaces_lwpscusdc02519_name": {
            "value": null
        },
        "publicIPAddresses_lwpscusdc01_ip_name": {
            "value": null
        },
        "publicIPAddresses_lwpscusdc02_ip_name": {
            "value": null
        },
        "networkInterfaces_lwpscusasr01_nic_name": {
            "value": null
        },
        "publicIPAddresses_lwpscusasr01_pip_name": {
            "value": null
        },
        "publicIPAddresses_lwpscusdc02ip560_name": {
            "value": null
        },
        "vaults_llitware_scus_prod_rv_name": {
            "value": null
        },
        "networkSecurityGroups_lwpscusasr01_nsg_name": {
            "value": null
        },
        "virtualNetworks_litware_scus_prod01_vnet_name": {
            "value": null
        },
        "availabilitySets_litware_scus2_prod_dc_as_name": {
            "value": null
        },
        "publicIPAddresses_litware_scus_prod01_vnetg_name": {
            "value": null
        },
        "virtualNetworkGateways_litware_scus_prod01_vnetg_name": {
            "value": null
        },
        "extensions_IaaSAntimalware_name": {
            "value": null
        },
        "extensions_IaaSAntimalware_name_1": {
            "value": null
        },
        "extensions_IaaSAntimalware_name_2": {
            "value": null
        },
        "connections_litware_scus_prod01_vnetg_litware_onprem_prod01_name": {
            "value": null
        },
        "subnets_dmz_subnet_name": {
            "value": null
        },
        "disks_lwpscusasr01_OsDisk_1_4c85bf5cf6ad4164b90318b6f2aca301_name": {
            "value": null
        },
        "subnets_adds_subnet_name": {
            "value": null
        },
        "subnets_GatewaySubnet_name": {
            "value": null
        },
        "subnets_backend_subnet_name": {
            "value": null
        },
        "subnets_jumpbox_subnet_name": {
            "value": null
        },
        "backupPolicies_DefaultPolicy_name": {
            "value": null
        },
        "backupPolicies_HourlyLogBackup_name": {
            "value": null
        },
        "backupPolicies_litware_scus_mwf_bp_name": {
            "value": null
        },
        "replicationAlertSettings_defaultAlertSetting_name": {
            "value": null
        },
        "virtualMachines_lwpscusasr01_id": {
            "value": null
        },
        "virtualMachines_lwpscusdc01_id": {
            "value": null
        },
        "virtualMachines_lwpscusdc02_id": {
            "value": null
        },
        "metricAlerts_lw_scus_osQDalert_actionGroupId": {
            "value": null
        },
        "metricAlerts_lw_scus_osQDalert2_actionGroupId": {
            "value": null
        }
    }
}